Company,Link,Location
MRI Software,https://job-openings.monster.com/junior-software-engineer-sydney-new-south-wales-sydney-nsw-us-mri-software/e935f7ad-bf92-4c8e-8c72-c4182d3fecaa,"Sydney, NSW"
LanceSoft Inc,https://job-openings.monster.com/sql-bi-ssrs-ssis-developer-for-blackboard-nyc-new-york-wa-us-lancesoft-inc/56d17f16-f07d-4271-abda-b80155837c80,"New york, WA"
EagleView Technologies,https://job-openings.monster.com/software-engineer-imagery-warehouse-services-perth-western-australia-perth-wa-us-eagleview-technologies/8c930aee-026c-4430-adf5-ad446e0c7697,"Perth, WA"
LanceSoft Inc,https://job-openings.monster.com/python-developer-woodlands-wa-us-lancesoft-inc/4755ec59-d0db-4ce9-8385-b4df7c1e9f7c,"Woodlands, WA"
Mediaocean,https://job-openings.monster.com/junior-qa-analyst-melbourne-victoria-melbourne-vic-us-mediaocean/fcb03051-f03f-4d58-8198-09bcd25371db,"Melbourne, VIC"
Dialog Group,https://job-openings.monster.com/test-analyst-canberra-act-us-dialog-group/ee860a5c-6a41-4b89-8d62-5c01e92fa28b,"Canberra, ACT"
Dialog Group,https://job-openings.monster.com/test-analysts-brisbane-qld-us-dialog-group/a5e4e0ad-1ffd-481f-a815-6a1f1095b81a,"Brisbane, QLD"
Dialog Group,https://job-openings.monster.com/test-consultant-brisbane-qld-us-dialog-group/7a5ff034-457e-4b80-91e1-5aabe5e4d462,"Brisbane, QLD"
Dialog Group,https://job-openings.monster.com/test-analysts-canberra-act-us-dialog-group/375e973b-4858-4ec6-b7e8-c8f45de48002,"Canberra, ACT"
Blue Ocean Ventures,https://job-openings.monster.com/senior-practice-manager-ies-wa-new-york-wa-us-blue-ocean-ventures/dceff465-7b62-4307-98eb-92caaa724500,"New York, WA"
PACCAR Inc.,https://job-openings.monster.com/software-developer-sr-software-developer-job-renton-wa-us-paccar-inc/216328747,"Renton, WA"
Zuora,https://job-openings.monster.com/commercial-analyst-sydney-nsw-us-zuora/b6bb18be-f317-4412-91e9-9442c8c6cb4c,"Sydney, NSW"
Dialog Group,https://job-openings.monster.com/account-manager-canberra-act-us-dialog-group/fbedfdb7-5728-4448-ad0d-89aa6054c194,"Canberra, ACT"
Dialog Group,https://job-openings.monster.com/senior-automation-tester-canberra-act-us-dialog-group/4277ac89-a5e3-4e3e-966d-5659d81b5b33,"Canberra, ACT"
